@timestamp,src_ip,dest_ip,DestPort (dest_port),geoip.country_name,proto,event_type,username,password
"Nov 2, 2025 @ 14:56:09.678",139.196.216.232,10.0.0.211,5900,China,TCP,alert,-,-
"Nov 2, 2025 @ 14:56:09.668",34.95.113.255,10.0.0.211,40962,United States,-,-,-,-
"Nov 2, 2025 @ 14:56:09.668",10.0.0.211,34.95.113.255,443,-,TCP,tls,-,-
"Nov 2, 2025 @ 14:56:09.623",10.0.0.211,34.95.113.255,443,-,-,-,-,-
"Nov 2, 2025 @ 14:56:09.609",194.180.48.117,10.0.0.211,25752,Germany,TCP,flow,-,-
"Nov 2, 2025 @ 14:56:09.598",109.205.211.217,10.0.0.211,60,Azerbaijan,TCP,flow,-,-
"Nov 2, 2025 @ 14:56:09.597",179.108.45.156,10.0.0.211,443,Brazil,TCP,flow,-,-
"Nov 2, 2025 @ 14:56:09.597",143.110.209.105,10.0.0.211,5900,Canada,TCP,alert,-,-
"Nov 2, 2025 @ 14:56:09.572",129.212.181.201,10.0.0.211,5900,United States,TCP,alert,-,-
"Nov 2, 2025 @ 14:56:09.572",129.212.181.201,10.0.0.211,5900,United States,TCP,flow,-,-
"Nov 2, 2025 @ 14:56:09.553",10.0.0.211,34.95.113.255,443,-,TCP,flow,-,-
"Nov 2, 2025 @ 14:56:09.552",64.23.184.226,10.0.0.211,5900,United States,TCP,flow,-,-
"Nov 2, 2025 @ 14:56:09.552",165.232.51.49,10.0.0.211,5900,United States,TCP,alert,-,-
"Nov 2, 2025 @ 14:56:09.552",64.23.184.226,10.0.0.211,5900,United States,TCP,alert,-,-
"Nov 2, 2025 @ 14:56:09.552",162.243.104.177,10.0.0.211,5900,United States,TCP,alert,-,-
"Nov 2, 2025 @ 14:56:09.552",165.232.51.49,10.0.0.211,5900,United States,TCP,flow,-,-
"Nov 2, 2025 @ 14:56:09.552",162.243.104.177,10.0.0.211,5900,United States,TCP,flow,-,-
"Nov 2, 2025 @ 14:56:09.551",23.94.26.58,10.0.0.211,5060,United States,UDP,flow,-,-
"Nov 2, 2025 @ 14:56:09.000",143.110.209.105,10.0.0.211,5900,Canada,-,-,-,-
"Nov 2, 2025 @ 14:56:09.000",10.0.0.211,34.95.113.255,443,-,-,-,-,-
"Nov 2, 2025 @ 14:56:09.000",139.196.216.232,10.0.0.211,5900,China,-,-,-,-
"Nov 2, 2025 @ 14:56:08.766",129.212.181.201,10.0.0.211,5900,United States,TCP,rfb,-,-
"Nov 2, 2025 @ 14:56:08.609",95.44.192.212,10.0.0.211,64297,Ireland,TCP,flow,-,-
"Nov 2, 2025 @ 14:56:08.552",179.108.45.187,10.0.0.211,443,Brazil,TCP,flow,-,-
"Nov 2, 2025 @ 14:56:08.551",10.0.0.211,169.254.169.254,53,-,UDP,flow,-,-
"Nov 2, 2025 @ 14:56:08.515",129.212.181.201,10.0.0.211,5900,United States,TCP,alert,-,-
"Nov 2, 2025 @ 14:56:08.469",95.44.192.212,10.0.0.211,64297,Ireland,TCP,tls,-,-
"Nov 2, 2025 @ 14:56:08.000",129.212.181.201,10.0.0.211,5900,United States,-,-,-,-
"Nov 2, 2025 @ 14:56:08.000",139.196.216.232,10.0.0.211,5900,China,-,-,-,-
"Nov 2, 2025 @ 14:56:07.960",95.44.192.212,10.0.0.211,64297,Ireland,TCP,tls,-,-
"Nov 2, 2025 @ 14:56:07.555",202.148.29.186,10.0.0.211,21,Indonesia,TCP,flow,-,-
"Nov 2, 2025 @ 14:56:07.000",95.44.192.212,10.0.0.211,64297,Ireland,-,-,-,-
"Nov 2, 2025 @ 14:56:06.984",198.12.68.114,0.0.0.0:5060,5060,United States,-,-,-,-
"Nov 2, 2025 @ 14:56:06.984",198.12.68.114,10.0.0.211,5060,United States,UDP,alert,-,-
"Nov 2, 2025 @ 14:56:06.984",198.12.68.114,10.0.0.211,5060,United States,UDP,sip,-,-
"Nov 2, 2025 @ 14:56:06.583",165.232.51.49,10.0.0.211,5900,United States,TCP,flow,-,-
"Nov 2, 2025 @ 14:56:06.583",165.232.51.49,10.0.0.211,5900,United States,TCP,alert,-,-
"Nov 2, 2025 @ 14:56:06.559",10.0.0.211,169.254.169.254,53,-,UDP,flow,-,-
"Nov 2, 2025 @ 14:56:05.640",179.108.47.111,10.0.0.211,443,Brazil,TCP,flow,-,-
"Nov 2, 2025 @ 14:56:05.620",64.23.184.226,10.0.0.211,5900,United States,TCP,alert,-,-
"Nov 2, 2025 @ 14:56:05.620",64.23.184.226,10.0.0.211,5900,United States,TCP,flow,-,-
"Nov 2, 2025 @ 14:56:05.588",202.148.29.186,10.0.0.211,21,Indonesia,TCP,ftp,-,-
"Nov 2, 2025 @ 14:56:05.563",198.23.190.58,10.0.0.211,5060,United States,UDP,flow,-,-
"Nov 2, 2025 @ 14:56:05.563",10.0.0.211,169.254.169.254,53,-,UDP,flow,-,-
"Nov 2, 2025 @ 14:56:05.322",,172.21.0.2,45163,-,-,-,-,-
"Nov 2, 2025 @ 14:56:05.321",202.148.29.186,10.0.0.211,21,Indonesia,TCP,ftp,-,-
"Nov 2, 2025 @ 14:56:04.853",61.133.51.154,10.0.0.211,5900,China,TCP,rfb,-,-
"Nov 2, 2025 @ 14:56:04.671",23.94.26.58,10.0.0.211,5060,United States,UDP,alert,-,-
"Nov 2, 2025 @ 14:56:04.671",23.94.26.58,10.0.0.211,5060,United States,UDP,sip,-,-
"Nov 2, 2025 @ 14:56:04.671",23.94.26.58,0.0.0.0:5060,5060,United States,-,-,-,-
"Nov 2, 2025 @ 14:56:04.651",179.108.45.19,10.0.0.211,443,Brazil,TCP,flow,-,-
"Nov 2, 2025 @ 14:56:04.605",179.108.46.194,10.0.0.211,443,Brazil,TCP,flow,-,-
"Nov 2, 2025 @ 14:56:04.574",194.180.49.131,10.0.0.211,22561,Bulgaria,TCP,flow,-,-
"Nov 2, 2025 @ 14:56:04.574",179.108.46.37,10.0.0.211,443,Brazil,TCP,flow,-,-
"Nov 2, 2025 @ 14:56:04.567",23.94.26.58,10.0.0.211,5060,United States,UDP,flow,-,-
"Nov 2, 2025 @ 14:56:04.567",198.12.68.114,10.0.0.211,5060,United States,UDP,flow,-,-
"Nov 2, 2025 @ 14:56:04.252",165.232.51.49,10.0.0.211,5900,United States,TCP,rfb,-,-
"Nov 2, 2025 @ 14:56:04.136",198.23.190.58,0.0.0.0:5060,5060,United States,-,-,-,-
"Nov 2, 2025 @ 14:56:04.135",198.23.190.58,10.0.0.211,5060,United States,UDP,sip,-,-
"Nov 2, 2025 @ 14:56:04.135",198.23.190.58,10.0.0.211,5060,United States,UDP,alert,-,-
"Nov 2, 2025 @ 14:56:04.104",35.77.63.100,10.0.0.211,-,Japan,ICMP,alert,-,-
"Nov 2, 2025 @ 14:56:04.008",165.232.51.49,10.0.0.211,5900,United States,TCP,alert,-,-
"Nov 2, 2025 @ 14:56:03.834",162.243.104.177,10.0.0.211,5900,United States,TCP,rfb,-,-
"Nov 2, 2025 @ 14:56:03.805",10.0.0.211,137.184.229.107,-,-,ICMP,alert,-,-
"Nov 2, 2025 @ 14:56:03.620",134.199.207.220,10.0.0.211,5900,United States,TCP,flow,-,-
"Nov 2, 2025 @ 14:56:03.619",134.199.207.220,10.0.0.211,5900,United States,TCP,alert,-,-
"Nov 2, 2025 @ 14:56:03.619",179.108.44.134,10.0.0.211,443,Brazil,TCP,flow,-,-
"Nov 2, 2025 @ 14:56:03.600",179.108.46.248,10.0.0.211,443,Brazil,TCP,flow,-,-
"Nov 2, 2025 @ 14:56:03.580",79.124.40.170,10.0.0.211,4874,Bulgaria,TCP,flow,-,-
"Nov 2, 2025 @ 14:56:03.573",162.243.104.177,10.0.0.211,5900,United States,TCP,alert,-,-
"Nov 2, 2025 @ 14:56:03.572",129.212.181.201,10.0.0.211,5900,United States,TCP,flow,-,-
"Nov 2, 2025 @ 14:56:03.572",165.232.51.49,10.0.0.211,5900,United States,TCP,alert,-,-
"Nov 2, 2025 @ 14:56:03.572",165.232.51.49,10.0.0.211,5900,United States,TCP,flow,-,-
"Nov 2, 2025 @ 14:56:03.572",129.212.181.201,10.0.0.211,5900,United States,TCP,alert,-,-
"Nov 2, 2025 @ 14:56:03.287",43.134.32.27,10.0.0.211,5900,Singapore,TCP,rfb,-,-
"Nov 2, 2025 @ 14:56:03.243",43.134.32.27,10.0.0.211,5900,Singapore,TCP,alert,-,-
"Nov 2, 2025 @ 14:56:03.099",61.133.51.154,10.0.0.211,5900,China,TCP,alert,-,-
"Nov 2, 2025 @ 14:56:03.000",162.243.104.177,10.0.0.211,5900,United States,-,-,-,-
"Nov 2, 2025 @ 14:56:03.000",43.134.32.27,10.0.0.211,5900,Singapore,-,-,-,-
"Nov 2, 2025 @ 14:56:03.000",165.232.51.49,10.0.0.211,5900,United States,-,-,-,-
"Nov 2, 2025 @ 14:56:03.000",137.184.229.107,10.0.0.211,5188,United States,-,-,-,-
"Nov 2, 2025 @ 14:56:02.660",120.24.91.176,10.0.0.211,5900,China,TCP,alert,-,-
"Nov 2, 2025 @ 14:56:02.660",120.24.91.176,10.0.0.211,5900,China,TCP,flow,-,-
"Nov 2, 2025 @ 14:56:02.575",10.0.0.211,169.254.169.254,53,-,UDP,flow,-,-
"Nov 2, 2025 @ 14:56:02.000",179.108.44.248,10.0.0.211,443,Brazil,-,-,-,-
"Nov 2, 2025 @ 14:56:02.000",179.108.44.30,10.0.0.211,443,Brazil,-,-,-,-
"Nov 2, 2025 @ 14:56:02.000",61.133.51.154,10.0.0.211,5900,China,-,-,-,-
"Nov 2, 2025 @ 14:56:02.000",179.108.47.206,10.0.0.211,443,Brazil,-,-,-,-
"Nov 2, 2025 @ 14:56:01.924",129.212.181.201,10.0.0.211,5900,United States,TCP,rfb,-,-
"Nov 2, 2025 @ 14:56:01.680",129.212.181.201,10.0.0.211,5900,United States,TCP,alert,-,-
"Nov 2, 2025 @ 14:56:01.637",179.108.46.93,10.0.0.211,443,Brazil,TCP,flow,-,-
"Nov 2, 2025 @ 14:56:01.581",95.44.192.212,10.0.0.211,64297,Ireland,TCP,flow,-,-
"Nov 2, 2025 @ 14:56:01.581",79.124.40.170,10.0.0.211,2144,Bulgaria,TCP,flow,-,-
"Nov 2, 2025 @ 14:56:01.339",134.199.207.220,10.0.0.211,5900,United States,TCP,rfb,-,-
"Nov 2, 2025 @ 14:56:01.094",134.199.207.220,10.0.0.211,5900,United States,TCP,alert,-,-
"Nov 2, 2025 @ 14:56:01.000",61.133.51.154,10.0.0.211,5900,China,-,-,-,-
"Nov 2, 2025 @ 14:56:01.000",129.212.181.201,10.0.0.211,5900,United States,-,-,-,-
"Nov 2, 2025 @ 14:56:01.000",179.108.45.101,10.0.0.211,443,Brazil,-,-,-,-
"Nov 2, 2025 @ 14:56:00.679",134.199.205.53,10.0.0.211,5900,United States,TCP,alert,-,-
"Nov 2, 2025 @ 14:56:00.679",134.199.205.53,10.0.0.211,5900,United States,TCP,flow,-,-
"Nov 2, 2025 @ 14:56:00.606",134.199.205.53,10.0.0.211,5900,United States,TCP,alert,-,-
"Nov 2, 2025 @ 14:56:00.606",134.199.205.53,10.0.0.211,5900,United States,TCP,flow,-,-
"Nov 2, 2025 @ 14:56:00.583",185.243.5.146,10.0.0.211,5060,Hong Kong,UDP,flow,-,-
"Nov 2, 2025 @ 14:56:00.520",134.199.207.220,10.0.0.211,5900,United States,TCP,rfb,-,-
"Nov 2, 2025 @ 14:56:00.455",202.148.29.186,10.0.0.211,21,Indonesia,TCP,ftp,-,-
"Nov 2, 2025 @ 14:56:00.275",134.199.207.220,10.0.0.211,5900,United States,TCP,alert,-,-
"Nov 2, 2025 @ 14:56:00.193",,172.21.0.2,44221,-,-,-,-,-
"Nov 2, 2025 @ 14:56:00.191",202.148.29.186,10.0.0.211,21,Indonesia,TCP,ftp,-,-
"Nov 2, 2025 @ 14:56:00.131",202.148.29.186,10.0.0.211,21,Indonesia,TCP,ftp,-,-
"Nov 2, 2025 @ 14:56:00.082",129.212.181.201,10.0.0.211,5900,United States,TCP,rfb,-,-
"Nov 2, 2025 @ 14:56:00.071",202.148.29.186,10.0.0.211,21,Indonesia,TCP,ftp,-,-
"Nov 2, 2025 @ 14:56:00.071",202.148.29.186,10.0.0.211,21,Indonesia,TCP,alert,-,-
"Nov 2, 2025 @ 14:56:00.010",202.148.29.186,10.0.0.211,21,Indonesia,TCP,ftp,-,-
"Nov 2, 2025 @ 14:56:00.010",202.148.29.186,10.0.0.211,21,Indonesia,TCP,alert,-,-
"Nov 2, 2025 @ 14:56:00.000",134.199.207.220,10.0.0.211,5900,United States,-,-,-,-
"Nov 2, 2025 @ 14:55:59.944",202.148.29.186,10.0.0.211,21,Indonesia,TCP,ftp,-,-
"Nov 2, 2025 @ 14:55:59.884",202.148.29.186,10.0.0.211,21,Indonesia,TCP,ftp,-,-
"Nov 2, 2025 @ 14:55:59.884",10.0.0.211,202.148.29.186,52697,-,TCP,alert,-,-
"Nov 2, 2025 @ 14:55:59.884",10.0.0.211,202.148.29.186,52697,-,TCP,anomaly,-,-
"Nov 2, 2025 @ 14:55:59.878",101.99.37.141,10.0.0.211,5900,Vietnam,TCP,rfb,-,-
"Nov 2, 2025 @ 14:55:59.842",129.212.181.201,10.0.0.211,5900,United States,TCP,alert,-,-
"Nov 2, 2025 @ 14:55:59.825",202.148.29.186,172.21.0.2,21,Indonesia,-,-,user,qwerty
"Nov 2, 2025 @ 14:55:59.763",202.148.29.186,10.0.0.211,21,Indonesia,TCP,ftp,-,-
"Nov 2, 2025 @ 14:55:59.672",101.99.37.141,10.0.0.211,5900,Vietnam,TCP,alert,-,-
"Nov 2, 2025 @ 14:55:59.634",185.238.170.10,10.0.0.211,5900,The Netherlands,TCP,flow,-,-
"Nov 2, 2025 @ 14:55:59.634",185.238.170.10,10.0.0.211,5900,The Netherlands,TCP,alert,-,-
"Nov 2, 2025 @ 14:55:59.162",134.199.207.220,10.0.0.211,5900,United States,TCP,rfb,-,-
"Nov 2, 2025 @ 14:55:59.000",101.99.37.141,10.0.0.211,5900,Vietnam,-,-,-,-
"Nov 2, 2025 @ 14:55:59.000",202.148.29.186,10.0.0.211,21,Indonesia,-,-,-,-
"Nov 2, 2025 @ 14:55:59.000",179.108.47.159,10.0.0.211,443,Brazil,-,-,-,-
"Nov 2, 2025 @ 14:55:59.000",134.199.207.220,10.0.0.211,5900,United States,-,-,-,-
"Nov 2, 2025 @ 14:55:59.000",129.212.181.201,10.0.0.211,5900,United States,-,-,-,-
"Nov 2, 2025 @ 14:55:58.985",134.199.205.53,10.0.0.211,5900,United States,TCP,rfb,-,-
"Nov 2, 2025 @ 14:55:58.920",134.199.207.220,10.0.0.211,5900,United States,TCP,alert,-,-
"Nov 2, 2025 @ 14:55:58.739",134.199.205.53,10.0.0.211,5900,United States,TCP,alert,-,-
"Nov 2, 2025 @ 14:55:58.633",162.243.104.177,10.0.0.211,5900,United States,TCP,rfb,-,-
"Nov 2, 2025 @ 14:55:58.594",95.44.192.212,10.0.0.211,64297,Ireland,TCP,flow,-,-
"Nov 2, 2025 @ 14:55:58.359",162.243.104.177,10.0.0.211,5900,United States,TCP,alert,-,-
"Nov 2, 2025 @ 14:55:58.175",23.94.26.58,0.0.0.0:5060,5060,United States,-,-,-,-
"Nov 2, 2025 @ 14:55:58.175",23.94.26.58,10.0.0.211,5060,United States,UDP,sip,-,-
"Nov 2, 2025 @ 14:55:58.175",23.94.26.58,10.0.0.211,5060,United States,UDP,alert,-,-
"Nov 2, 2025 @ 14:55:58.000",162.243.104.177,10.0.0.211,5900,United States,-,-,-,-
"Nov 2, 2025 @ 14:55:58.000",134.199.207.220,10.0.0.211,5900,United States,-,-,-,-
"Nov 2, 2025 @ 14:55:58.000",134.199.205.53,10.0.0.211,5900,United States,-,-,-,-
"Nov 2, 2025 @ 14:55:57.820",198.12.68.114,0.0.0.0:5060,5060,United States,-,-,-,-
"Nov 2, 2025 @ 14:55:57.820",198.12.68.114,10.0.0.211,5060,United States,UDP,sip,-,-
"Nov 2, 2025 @ 14:55:57.709",8.138.129.122,10.0.0.211,5900,China,TCP,alert,-,-
"Nov 2, 2025 @ 14:55:57.679",129.212.181.201,10.0.0.211,5900,United States,TCP,flow,-,-
"Nov 2, 2025 @ 14:55:57.679",120.76.246.182,10.0.0.211,5900,China,TCP,alert,-,-
"Nov 2, 2025 @ 14:55:57.679",120.76.246.182,10.0.0.211,5900,China,TCP,flow,-,-
"Nov 2, 2025 @ 14:55:57.679",129.212.181.201,10.0.0.211,5900,United States,TCP,alert,-,-
"Nov 2, 2025 @ 14:55:57.596",23.94.26.58,10.0.0.211,5060,United States,UDP,flow,-,-
"Nov 2, 2025 @ 14:55:57.369",198.23.190.58,0.0.0.0:5060,5060,United States,-,-,-,-
"Nov 2, 2025 @ 14:55:57.369",198.23.190.58,10.0.0.211,5060,United States,UDP,alert,-,-
"Nov 2, 2025 @ 14:55:57.369",198.23.190.58,10.0.0.211,5060,United States,UDP,sip,-,-
"Nov 2, 2025 @ 14:55:57.000",162.243.104.177,10.0.0.211,5900,United States,-,-,-,-
"Nov 2, 2025 @ 14:55:56.654",179.108.47.48,10.0.0.211,443,Brazil,TCP,flow,-,-
"Nov 2, 2025 @ 14:55:56.632",179.108.47.6,10.0.0.211,443,Brazil,TCP,flow,-,-
"Nov 2, 2025 @ 14:55:56.629",64.23.184.226,10.0.0.211,5900,United States,TCP,rfb,-,-
"Nov 2, 2025 @ 14:55:56.621",179.108.44.162,10.0.0.211,443,Brazil,TCP,flow,-,-
"Nov 2, 2025 @ 14:55:56.610",8.138.129.122,10.0.0.211,5900,China,TCP,rfb,-,-
"Nov 2, 2025 @ 14:55:56.600",198.23.190.58,10.0.0.211,5060,United States,UDP,flow,-,-
"Nov 2, 2025 @ 14:55:56.390",64.23.184.226,10.0.0.211,5900,United States,TCP,alert,-,-
"Nov 2, 2025 @ 14:55:56.138",8.138.129.122,10.0.0.211,5900,China,TCP,alert,-,-
"Nov 2, 2025 @ 14:55:56.018",10.0.0.211,137.184.229.107,-,-,ICMP,alert,-,-
"Nov 2, 2025 @ 14:55:56.000",137.184.229.107,10.0.0.211,16044,United States,-,-,-,-
"Nov 2, 2025 @ 14:55:56.000",103.214.219.39,10.0.0.211,445,Bangladesh,-,-,-,-
"Nov 2, 2025 @ 14:55:55.677",179.108.47.48,10.0.0.211,443,Brazil,TCP,flow,-,-
"Nov 2, 2025 @ 14:55:55.653",179.108.46.58,10.0.0.211,443,Brazil,TCP,flow,-,-
"Nov 2, 2025 @ 14:55:55.620",43.160.200.211,10.0.0.211,5900,Singapore,TCP,alert,-,-
"Nov 2, 2025 @ 14:55:55.620",43.160.200.211,10.0.0.211,5900,Singapore,TCP,flow,-,-
"Nov 2, 2025 @ 14:55:55.604",198.23.190.58,10.0.0.211,5060,United States,UDP,flow,-,-
"Nov 2, 2025 @ 14:55:55.276",185.238.170.10,10.0.0.211,5900,The Netherlands,TCP,rfb,-,-
"Nov 2, 2025 @ 14:55:55.169",134.199.205.53,10.0.0.211,5900,United States,TCP,rfb,-,-
"Nov 2, 2025 @ 14:55:55.138",185.238.170.10,10.0.0.211,5900,The Netherlands,TCP,alert,-,-
"Nov 2, 2025 @ 14:55:55.000",8.138.129.122,10.0.0.211,5900,China,-,-,-,-
"Nov 2, 2025 @ 14:55:55.000",64.23.184.226,10.0.0.211,5900,United States,-,-,-,-
"Nov 2, 2025 @ 14:55:54.927",134.199.205.53,10.0.0.211,5900,United States,TCP,alert,-,-
"Nov 2, 2025 @ 14:55:54.899",202.148.29.186,10.0.0.211,21,Indonesia,TCP,ftp,-,-
"Nov 2, 2025 @ 14:55:54.643",143.110.209.105,10.0.0.211,5900,Canada,TCP,flow,-,-
"Nov 2, 2025 @ 14:55:54.643",143.110.209.105,10.0.0.211,5900,Canada,TCP,alert,-,-
"Nov 2, 2025 @ 14:55:54.633",,172.21.0.2,39739,-,-,-,-,-
"Nov 2, 2025 @ 14:55:54.632",202.148.29.186,10.0.0.211,21,Indonesia,TCP,ftp,-,-
"Nov 2, 2025 @ 14:55:54.000",134.199.205.53,10.0.0.211,5900,United States,-,-,-,-
"Nov 2, 2025 @ 14:55:54.000",185.238.170.10,10.0.0.211,5900,The Netherlands,-,-,-,-
"Nov 2, 2025 @ 14:55:53.687",134.199.205.53,10.0.0.211,5900,United States,TCP,rfb,-,-
"Nov 2, 2025 @ 14:55:53.661",10.0.0.211,34.95.113.255,443,-,TCP,flow,-,-
"Nov 2, 2025 @ 14:55:53.641",179.108.46.169,10.0.0.211,443,Brazil,TCP,flow,-,-
"Nov 2, 2025 @ 14:55:53.440",134.199.205.53,10.0.0.211,5900,United States,TCP,alert,-,-
"Nov 2, 2025 @ 14:55:52.678",134.199.207.220,10.0.0.211,5900,United States,TCP,flow,-,-
"Nov 2, 2025 @ 14:55:52.678",134.199.205.53,10.0.0.211,5900,United States,TCP,alert,-,-
"Nov 2, 2025 @ 14:55:52.678",134.199.205.53,10.0.0.211,5900,United States,TCP,flow,-,-
"Nov 2, 2025 @ 14:55:52.678",134.199.207.220,10.0.0.211,5900,United States,TCP,alert,-,-
"Nov 2, 2025 @ 14:55:52.648",134.199.205.53,10.0.0.211,5900,United States,TCP,flow,-,-
"Nov 2, 2025 @ 14:55:52.648",165.232.51.49,10.0.0.211,5900,United States,TCP,alert,-,-
"Nov 2, 2025 @ 14:55:52.648",165.232.51.49,10.0.0.211,5900,United States,TCP,flow,-,-
"Nov 2, 2025 @ 14:55:52.648",134.199.205.53,10.0.0.211,5900,United States,TCP,alert,-,-
"Nov 2, 2025 @ 14:55:52.640",95.44.192.212,10.0.0.211,64297,Ireland,TCP,flow,-,-
"Nov 2, 2025 @ 14:55:52.625",134.199.207.220,10.0.0.211,5900,United States,TCP,alert,-,-
"Nov 2, 2025 @ 14:55:52.625",134.199.207.220,10.0.0.211,5900,United States,TCP,flow,-,-
"Nov 2, 2025 @ 14:55:52.000",179.108.45.82,10.0.0.211,443,Brazil,-,-,-,-
"Nov 2, 2025 @ 14:55:52.000",134.199.205.53,10.0.0.211,5900,United States,-,-,-,-
"Nov 2, 2025 @ 14:55:52.000",179.108.46.134,10.0.0.211,443,Brazil,-,-,-,-
"Nov 2, 2025 @ 14:55:51.883",43.143.18.14,10.0.0.211,5900,China,TCP,rfb,-,-
"Nov 2, 2025 @ 14:55:51.723",129.212.181.201,10.0.0.211,5900,United States,TCP,rfb,-,-
"Nov 2, 2025 @ 14:55:51.702",64.23.184.226,10.0.0.211,5900,United States,TCP,flow,-,-
"Nov 2, 2025 @ 14:55:51.702",179.108.47.97,10.0.0.211,443,Brazil,TCP,flow,-,-
"Nov 2, 2025 @ 14:55:51.701",64.23.184.226,10.0.0.211,5900,United States,TCP,alert,-,-
"Nov 2, 2025 @ 14:55:51.625",185.182.184.145,10.0.0.211,5900,France,TCP,flow,-,-
"Nov 2, 2025 @ 14:55:51.624",185.182.184.145,10.0.0.211,5900,France,TCP,alert,-,-
"Nov 2, 2025 @ 14:55:51.620",198.12.68.114,10.0.0.211,5060,United States,UDP,flow,-,-
"Nov 2, 2025 @ 14:55:51.482",129.212.181.201,10.0.0.211,5900,United States,TCP,alert,-,-
"Nov 2, 2025 @ 14:55:51.434",43.143.18.14,10.0.0.211,5900,China,TCP,alert,-,-
"Nov 2, 2025 @ 14:55:51.424",169.254.169.254,10.0.0.211,44572,-,TCP,fileinfo,-,-
"Nov 2, 2025 @ 14:55:51.250",23.94.26.58,10.0.0.211,5060,United States,UDP,alert,-,-
"Nov 2, 2025 @ 14:55:51.250",23.94.26.58,0.0.0.0:5060,5060,United States,-,-,-,-
"Nov 2, 2025 @ 14:55:51.250",23.94.26.58,10.0.0.211,5060,United States,UDP,sip,-,-
"Nov 2, 2025 @ 14:55:51.176",162.243.104.177,10.0.0.211,5900,United States,TCP,rfb,-,-
"Nov 2, 2025 @ 14:55:51.120",198.23.190.58,10.0.0.211,5060,United States,UDP,sip,-,-
"Nov 2, 2025 @ 14:55:51.120",198.23.190.58,10.0.0.211,5060,United States,UDP,alert,-,-
"Nov 2, 2025 @ 14:55:51.120",198.23.190.58,0.0.0.0:5060,5060,United States,-,-,-,-
"Nov 2, 2025 @ 14:55:51.000",129.212.181.201,10.0.0.211,5900,United States,-,-,-,-
"Nov 2, 2025 @ 14:55:51.000",179.108.45.172,10.0.0.211,443,Brazil,-,-,-,-
"Nov 2, 2025 @ 14:55:50.954",162.243.104.177,10.0.0.211,5900,United States,TCP,alert,-,-
"Nov 2, 2025 @ 14:55:50.832",143.110.209.105,10.0.0.211,5900,Canada,TCP,rfb,-,-
"Nov 2, 2025 @ 14:55:50.700",179.108.47.19,10.0.0.211,443,Brazil,TCP,flow,-,-
"Nov 2, 2025 @ 14:55:50.700",143.110.209.105,10.0.0.211,5900,Canada,TCP,alert,-,-
"Nov 2, 2025 @ 14:55:50.700",143.110.209.105,10.0.0.211,5900,Canada,TCP,flow,-,-
"Nov 2, 2025 @ 14:55:50.685",146.190.26.31,-,-,The Netherlands,-,-,-,-
"Nov 2, 2025 @ 14:55:50.683",179.108.44.208,10.0.0.211,443,Brazil,TCP,flow,-,-
"Nov 2, 2025 @ 14:55:50.683",143.110.209.105,10.0.0.211,5900,Canada,TCP,alert,-,-
"Nov 2, 2025 @ 14:55:50.683",143.110.209.105,10.0.0.211,5900,Canada,TCP,flow,-,-
"Nov 2, 2025 @ 14:55:50.624",198.23.190.58,10.0.0.211,5060,United States,UDP,flow,-,-
"Nov 2, 2025 @ 14:55:50.624",10.0.0.211,169.254.169.254,53,-,UDP,flow,-,-
"Nov 2, 2025 @ 14:55:50.582",143.110.209.105,10.0.0.211,5900,Canada,TCP,alert,-,-
"Nov 2, 2025 @ 14:55:50.000",143.110.209.105,10.0.0.211,5900,Canada,-,-,-,-
"Nov 2, 2025 @ 14:55:50.000",162.243.104.177,10.0.0.211,5900,United States,-,-,-,-
"Nov 2, 2025 @ 14:55:50.000",179.108.45.222,10.0.0.211,443,Brazil,-,-,-,-
"Nov 2, 2025 @ 14:55:50.000",43.143.18.14,10.0.0.211,5900,China,-,-,-,-
"Nov 2, 2025 @ 14:55:49.767",202.148.29.186,10.0.0.211,21,Indonesia,TCP,ftp,-,-
"Nov 2, 2025 @ 14:55:49.642",179.108.46.47,10.0.0.211,443,Brazil,TCP,flow,-,-
"Nov 2, 2025 @ 14:55:49.628",10.0.0.211,169.254.169.254,53,-,UDP,flow,-,-
"Nov 2, 2025 @ 14:55:49.515",,172.21.0.2,43285,-,-,-,-,-
"Nov 2, 2025 @ 14:55:49.513",202.148.29.186,10.0.0.211,21,Indonesia,TCP,ftp,-,-
"Nov 2, 2025 @ 14:55:49.501",121.40.198.44,10.0.0.211,5900,China,TCP,rfb,-,-
"Nov 2, 2025 @ 14:55:49.272",146.190.26.31,-,-,The Netherlands,-,-,admin,welcome
"Nov 2, 2025 @ 14:55:49.048",121.40.198.44,10.0.0.211,5900,China,TCP,alert,-,-
"Nov 2, 2025 @ 14:55:48.740",146.190.26.31,10.0.0.211,22,The Netherlands,TCP,ssh,-,-
"Nov 2, 2025 @ 14:55:48.697",198.12.68.114,10.0.0.211,5060,United States,UDP,sip,-,-
"Nov 2, 2025 @ 14:55:48.697",198.12.68.114,0.0.0.0:5060,5060,United States,-,-,-,-
"Nov 2, 2025 @ 14:55:48.697",198.12.68.114,10.0.0.211,5060,United States,UDP,alert,-,-
"Nov 2, 2025 @ 14:55:48.696",64.23.184.226,10.0.0.211,5900,United States,TCP,rfb,-,-
"Nov 2, 2025 @ 14:55:48.679",134.199.207.220,10.0.0.211,5900,United States,TCP,alert,-,-
"Nov 2, 2025 @ 14:55:48.679",134.199.207.220,10.0.0.211,5900,United States,TCP,flow,-,-
"Nov 2, 2025 @ 14:55:48.633",198.12.68.114,10.0.0.211,5060,United States,UDP,flow,-,-
"Nov 2, 2025 @ 14:55:48.458",64.23.184.226,10.0.0.211,5900,United States,TCP,alert,-,-
"Nov 2, 2025 @ 14:55:48.244",146.190.26.31,-,-,The Netherlands,-,-,-,-
"Nov 2, 2025 @ 14:55:48.244",146.190.26.31,10.0.0.211,22,The Netherlands,-,-,-,-
"Nov 2, 2025 @ 14:55:48.244",146.190.26.31,10.0.0.211,22,The Netherlands,TCP,alert,-,-
"Nov 2, 2025 @ 14:55:48.061",10.0.0.211,146.190.26.31,53402,-,-,-,-,-
"Nov 2, 2025 @ 14:55:48.060",146.190.26.31,-,-,The Netherlands,-,-,-,-
"Nov 2, 2025 @ 14:55:48.059",146.190.26.31,192.168.80.2,22,The Netherlands,-,-,-,-
"Nov 2, 2025 @ 14:55:48.000",121.40.198.44,10.0.0.211,5900,China,-,-,-,-
"Nov 2, 2025 @ 14:55:48.000",179.108.45.109,10.0.0.211,443,Brazil,-,-,-,-
"Nov 2, 2025 @ 14:55:47.638",45.8.149.15,10.0.0.211,5900,Germany,TCP,flow,-,-
"Nov 2, 2025 @ 14:55:47.637",45.8.149.15,10.0.0.211,5900,Germany,TCP,alert,-,-
"Nov 2, 2025 @ 14:55:47.637",10.0.0.211,169.254.169.254,53,-,UDP,flow,-,-
"Nov 2, 2025 @ 14:55:47.637",23.94.26.58,10.0.0.211,5060,United States,UDP,flow,-,-
"Nov 2, 2025 @ 14:55:47.337",143.110.209.105,10.0.0.211,5900,Canada,TCP,rfb,-,-
"Nov 2, 2025 @ 14:55:47.273",104.194.156.18,0.0.0.0:5060,5060,Germany,-,-,-,-
"Nov 2, 2025 @ 14:55:47.074",143.110.209.105,10.0.0.211,5900,Canada,TCP,alert,-,-
"Nov 2, 2025 @ 14:55:47.002",104.194.156.18,10.0.0.211,5060,Germany,UDP,sip,-,-
"Nov 2, 2025 @ 14:55:47.000",64.23.184.226,10.0.0.211,5900,United States,-,-,-,-
"Nov 2, 2025 @ 14:55:47.000",179.108.44.94,10.0.0.211,443,Brazil,-,-,-,-
"Nov 2, 2025 @ 14:55:47.000",179.108.46.251,10.0.0.211,443,Brazil,-,-,-,-
"Nov 2, 2025 @ 14:55:47.000",146.190.26.31,10.0.0.211,22,The Netherlands,-,-,-,-
"Nov 2, 2025 @ 14:55:46.738",134.199.205.53,10.0.0.211,5900,United States,TCP,rfb,-,-
"Nov 2, 2025 @ 14:55:46.733",162.243.104.177,10.0.0.211,5900,United States,TCP,rfb,-,-
"Nov 2, 2025 @ 14:55:46.724",179.108.46.197,10.0.0.211,443,Brazil,TCP,flow,-,-
"Nov 2, 2025 @ 14:55:46.678",179.108.46.197,10.0.0.211,443,Brazil,TCP,flow,-,-
"Nov 2, 2025 @ 14:55:46.660",129.151.238.160,10.0.0.211,5900,France,TCP,flow,-,-
"Nov 2, 2025 @ 14:55:46.660",129.151.238.160,10.0.0.211,5900,France,TCP,alert,-,-
"Nov 2, 2025 @ 14:55:46.641",146.190.26.31,10.0.0.211,22,The Netherlands,TCP,flow,-,-
"Nov 2, 2025 @ 14:55:46.641",10.0.0.211,169.254.169.254,53,-,UDP,flow,-,-
"Nov 2, 2025 @ 14:55:46.477",162.243.104.177,10.0.0.211,5900,United States,TCP,alert,-,-
"Nov 2, 2025 @ 14:55:46.449",134.199.205.53,10.0.0.211,5900,United States,TCP,alert,-,-
"Nov 2, 2025 @ 14:55:46.000",143.110.209.105,10.0.0.211,5900,Canada,-,-,-,-
"Nov 2, 2025 @ 14:55:46.000",162.243.104.177,10.0.0.211,5900,United States,-,-,-,-
"Nov 2, 2025 @ 14:55:45.713",10.0.0.211,134.70.120.2,443,-,TCP,flow,-,-
"Nov 2, 2025 @ 14:55:45.712",14.116.206.75,10.0.0.211,5900,China,TCP,flow,-,-
"Nov 2, 2025 @ 14:55:45.712",14.116.206.75,10.0.0.211,5900,China,TCP,alert,-,-
"Nov 2, 2025 @ 14:55:45.662",143.110.209.105,10.0.0.211,5900,Canada,TCP,rfb,-,-
"Nov 2, 2025 @ 14:55:45.645",10.0.0.211,169.254.169.254,53,-,UDP,flow,-,-
"Nov 2, 2025 @ 14:55:45.645",10.0.0.211,169.254.169.254,80,-,TCP,flow,-,-
"Nov 2, 2025 @ 14:55:45.409",143.110.209.105,10.0.0.211,5900,Canada,TCP,alert,-,-
"Nov 2, 2025 @ 14:55:45.112",134.199.205.53,10.0.0.211,5900,United States,TCP,rfb,-,-
"Nov 2, 2025 @ 14:55:45.000",179.108.45.114,10.0.0.211,443,Brazil,-,-,-,-
"Nov 2, 2025 @ 14:55:45.000",134.199.205.53,10.0.0.211,5900,United States,-,-,-,-
"Nov 2, 2025 @ 14:55:44.869",134.199.205.53,10.0.0.211,5900,United States,TCP,alert,-,-
"Nov 2, 2025 @ 14:55:44.780",198.23.190.58,10.0.0.211,5060,United States,UDP,alert,-,-
"Nov 2, 2025 @ 14:55:44.780",198.23.190.58,10.0.0.211,5060,United States,UDP,sip,-,-
"Nov 2, 2025 @ 14:55:44.780",198.23.190.58,0.0.0.0:5060,5060,United States,-,-,-,-
"Nov 2, 2025 @ 14:55:44.711",165.232.51.49,10.0.0.211,5900,United States,TCP,rfb,-,-
"Nov 2, 2025 @ 14:55:44.676",64.23.184.226,10.0.0.211,5900,United States,TCP,alert,-,-
"Nov 2, 2025 @ 14:55:44.676",64.23.184.226,10.0.0.211,5900,United States,TCP,flow,-,-
"Nov 2, 2025 @ 14:55:44.662",129.212.181.201,10.0.0.211,5900,United States,TCP,alert,-,-
"Nov 2, 2025 @ 14:55:44.662",129.212.181.201,10.0.0.211,5900,United States,TCP,flow,-,-
"Nov 2, 2025 @ 14:55:44.658",23.94.26.58,0.0.0.0:5060,5060,United States,-,-,-,-
"Nov 2, 2025 @ 14:55:44.657",23.94.26.58,10.0.0.211,5060,United States,UDP,alert,-,-
"Nov 2, 2025 @ 14:55:44.657",23.94.26.58,10.0.0.211,5060,United States,UDP,sip,-,-
"Nov 2, 2025 @ 14:55:44.650",134.199.205.53,10.0.0.211,5900,United States,TCP,alert,-,-
"Nov 2, 2025 @ 14:55:44.650",202.148.29.186,10.0.0.211,21,Indonesia,TCP,ftp,-,-
